{
  "learningPaths": [
    {
      "id": "path_001",
      "title": "Frontend Development Mastery",
      "description": "Complete journey from HTML/CSS basics to advanced React development. Perfect for aspiring frontend developers.",
      "category": "Web Development",
      "difficulty": "beginner",
      "duration": "16 weeks",
      "effort": "10-12 hours/week",
      "totalCourses": 4,
      "enrolledLearners": 12500,
      "completionRate": 78,
      "averageRating": 4.8,
      "skills": ["HTML", "CSS", "JavaScript", "React", "TypeScript", "Testing", "Build Tools"],
      "prerequisites": ["Basic Computer Skills"],
      "certificate": true,
      "pricing": {
        "currency": "USD",
        "amount": 299.99,
        "originalPrice": 499.99,
        "discount": 40
      },
      "courses": [
        {
          "id": "course_002",
          "title": "JavaScript Mastery: From Zero to Hero",
          "order": 1,
          "status": "completed",
          "progress": 100,
          "completedAt": "2024-01-15T14:30:00Z"
        },
        {
          "id": "course_001",
          "title": "React Development Fundamentals",
          "order": 2,
          "status": "in-progress",
          "progress": 65,
          "startedAt": "2024-01-20T09:00:00Z"
        },
        {
          "id": "course_006",
          "title": "Advanced React Patterns",
          "order": 3,
          "status": "not-started",
          "progress": 0
        },
        {
          "id": "course_007",
          "title": "Testing React Applications",
          "order": 4,
          "status": "not-started",
          "progress": 0
        }
      ],
      "milestones": [
        {
          "id": "milestone_001",
          "title": "JavaScript Fundamentals Complete",
          "description": "Mastered JavaScript basics and ES6+ features",
          "status": "completed",
          "completedAt": "2024-01-15T14:30:00Z",
          "badge": "js-fundamentals-badge"
        },
        {
          "id": "milestone_002",
          "title": "React Components Mastery",
          "description": "Built 5+ React components with hooks and state management",
          "status": "in-progress",
          "progress": 65,
          "badge": "react-components-badge"
        }
      ],
      "recommendedNext": [
        {
          "id": "course_008",
          "title": "TypeScript for React Developers",
          "reason": "Build on your React skills with type safety"
        }
      ]
    },
    {
      "id": "path_002",
      "title": "Data Science & Machine Learning",
      "description": "Comprehensive path covering Python, data analysis, machine learning, and AI. Perfect for career changers and data enthusiasts.",
      "category": "Data Science",
      "difficulty": "intermediate",
      "duration": "20 weeks",
      "effort": "12-15 hours/week",
      "totalCourses": 5,
      "enrolledLearners": 8900,
      "completionRate": 68,
      "averageRating": 4.7,
      "skills": ["Python", "Pandas", "NumPy", "Machine Learning", "Deep Learning", "Statistics", "Data Visualization"],
      "prerequisites": ["Basic Programming", "High School Math"],
      "certificate": true,
      "pricing": {
        "currency": "USD",
        "amount": 399.99,
        "originalPrice": 699.99,
        "discount": 43
      },
      "courses": [
        {
          "id": "course_004",
          "title": "Python for Data Science and Machine Learning",
          "order": 1,
          "status": "in-progress",
          "progress": 30,
          "startedAt": "2024-02-01T10:00:00Z"
        },
        {
          "id": "course_009",
          "title": "Statistics for Data Science",
          "order": 2,
          "status": "not-started",
          "progress": 0
        },
        {
          "id": "course_010",
          "title": "Deep Learning with TensorFlow",
          "order": 3,
          "status": "not-started",
          "progress": 0
        }
      ],
      "milestones": [
        {
          "id": "milestone_003",
          "title": "Python Data Analysis",
          "description": "Completed data manipulation and analysis with pandas",
          "status": "in-progress",
          "progress": 30,
          "badge": "python-data-badge"
        }
      ]
    },
    {
      "id": "path_003",
      "title": "Full-Stack Web Development",
      "description": "Master both frontend and backend development. Build complete web applications with modern technologies.",
      "category": "Web Development",
      "difficulty": "intermediate",
      "duration": "18 weeks",
      "effort": "15-20 hours/week",
      "totalCourses": 6,
      "enrolledLearners": 15600,
      "completionRate": 72,
      "averageRating": 4.8,
      "skills": ["HTML", "CSS", "JavaScript", "React", "Node.js", "Express", "MongoDB", "Deployment"],
      "prerequisites": ["Basic Programming"],
      "certificate": true,
      "pricing": {
        "currency": "USD",
        "amount": 449.99,
        "originalPrice": 799.99,
        "discount": 44
      },
      "courses": [
        {
          "id": "course_001",
          "title": "React Development Fundamentals",
          "order": 1,
          "status": "completed",
          "progress": 100,
          "completedAt": "2024-01-10T16:45:00Z"
        },
        {
          "id": "course_003",
          "title": "Full-Stack Web Development with Node.js",
          "order": 2,
          "status": "in-progress",
          "progress": 45,
          "startedAt": "2024-01-25T08:30:00Z"
        }
      ],
      "milestones": [
        {
          "id": "milestone_004",
          "title": "Frontend Mastery",
          "description": "Completed React development course",
          "status": "completed",
          "completedAt": "2024-01-10T16:45:00Z",
          "badge": "frontend-mastery-badge"
        }
      ]
    }
  ]
}

