{
  "learnerId": "learner_001",
  "profile": {
    "name": "Sarah Wilson",
    "email": "sarah.wilson@email.com",
    "avatar": "https://images.unsplash.com/photo-1494790108755-2616b612b786?w=150&h=150&fit=crop&crop=face",
    "joinDate": "2023-11-15T10:30:00Z",
    "learningStreak": 7,
    "totalLearningTime": "142 hours",
    "level": "Intermediate",
    "xp": 2840,
    "nextLevelXp": 3200
  },
  "enrolledCourses": [
    {
      "courseId": "course_001",
      "title": "React Development Fundamentals",
      "enrolledAt": "2024-01-20T09:00:00Z",
      "status": "in-progress",
      "progress": 65,
      "lastAccessed": "2024-02-15T14:30:00Z",
      "timeSpent": "18 hours",
      "completedLessons": [
        "lesson_001",
        "lesson_002",
        "lesson_003",
        "lesson_004",
        "lesson_005"
      ],
      "currentLesson": "lesson_006",
      "nextLesson": "lesson_007",
      "estimatedCompletion": "2024-03-01T00:00:00Z"
    },
    {
      "courseId": "course_002",
      "title": "JavaScript Mastery: From Zero to Hero",
      "enrolledAt": "2024-01-05T08:00:00Z",
      "status": "completed",
      "progress": 100,
      "completedAt": "2024-01-15T16:45:00Z",
      "timeSpent": "42 hours",
      "finalGrade": 94,
      "certificateEarned": true,
      "certificateUrl": "/certificates/js-mastery-sarah-wilson.pdf"
    },
    {
      "courseId": "course_004",
      "title": "Python for Data Science and Machine Learning",
      "enrolledAt": "2024-02-01T10:00:00Z",
      "status": "in-progress",
      "progress": 30,
      "lastAccessed": "2024-02-14T11:20:00Z",
      "timeSpent": "8 hours",
      "completedLessons": [
        "lesson_026",
        "lesson_027"
      ],
      "currentLesson": "lesson_028",
      "nextLesson": "lesson_029",
      "estimatedCompletion": "2024-04-15T00:00:00Z"
    }
  ],
  "learningPaths": [
    {
      "pathId": "path_001",
      "title": "Frontend Development Mastery",
      "enrolledAt": "2024-01-05T08:00:00Z",
      "status": "in-progress",
      "overallProgress": 45,
      "completedCourses": 1,
      "totalCourses": 4,
      "currentCourse": "course_001",
      "estimatedCompletion": "2024-05-01T00:00:00Z"
    }
  ],
  "achievements": [
    {
      "id": "achievement_001",
      "title": "First Steps",
      "description": "Completed your first lesson",
      "icon": "🎯",
      "earnedAt": "2024-01-05T10:30:00Z",
      "category": "milestone"
    },
    {
      "id": "achievement_002",
      "title": "JavaScript Master",
      "description": "Completed JavaScript Mastery course with 90%+ grade",
      "icon": "🏆",
      "earnedAt": "2024-01-15T16:45:00Z",
      "category": "course-completion"
    },
    {
      "id": "achievement_003",
      "title": "Learning Streak",
      "description": "Maintained a 7-day learning streak",
      "icon": "🔥",
      "earnedAt": "2024-02-15T00:00:00Z",
      "category": "consistency"
    },
    {
      "id": "achievement_004",
      "title": "React Enthusiast",
      "description": "Completed 5 React lessons",
      "icon": "⚛️",
      "earnedAt": "2024-02-10T14:20:00Z",
      "category": "skill-progress"
    }
  ],
  "recentActivity": [
    {
      "id": "activity_001",
      "type": "lesson_completed",
      "title": "Completed 'React Hooks Deep Dive'",
      "description": "Finished lesson 6 of React Development Fundamentals",
      "timestamp": "2024-02-15T14:30:00Z",
      "courseId": "course_001",
      "xpEarned": 50
    },
    {
      "id": "activity_002",
      "type": "achievement_earned",
      "title": "Earned 'React Enthusiast' Badge",
      "description": "Completed 5 React lessons",
      "timestamp": "2024-02-10T14:20:00Z",
      "badgeId": "achievement_004",
      "xpEarned": 100
    },
    {
      "id": "activity_003",
      "type": "course_enrolled",
      "title": "Enrolled in Python for Data Science",
      "description": "Started your data science journey",
      "timestamp": "2024-02-01T10:00:00Z",
      "courseId": "course_004",
      "xpEarned": 25
    },
    {
      "id": "activity_004",
      "type": "course_completed",
      "title": "Completed JavaScript Mastery",
      "description": "Finished with 94% grade - Excellent work!",
      "timestamp": "2024-01-15T16:45:00Z",
      "courseId": "course_002",
      "xpEarned": 500
    },
    {
      "id": "activity_005",
      "type": "streak_milestone",
      "title": "7-Day Learning Streak!",
      "description": "Keep up the great work!",
      "timestamp": "2024-02-15T00:00:00Z",
      "xpEarned": 200
    }
  ],
  "learningStats": {
    "totalCoursesEnrolled": 3,
    "totalCoursesCompleted": 1,
    "totalLessonsCompleted": 12,
    "totalLearningTime": "68 hours",
    "averageGrade": 89,
    "currentStreak": 7,
    "longestStreak": 12,
    "favoriteCategory": "Web Development",
    "learningGoal": "Become a Full-Stack Developer",
    "weeklyGoal": "10 hours",
    "weeklyProgress": "8.5 hours"
  },
  "recommendations": [
    {
      "id": "rec_001",
      "type": "course",
      "title": "Advanced React Patterns",
      "reason": "Based on your React progress, you're ready for advanced concepts",
      "courseId": "course_006",
      "confidence": 0.92
    },
    {
      "id": "rec_002",
      "type": "learning_path",
      "title": "Full-Stack Web Development",
      "reason": "Perfect next step after completing your frontend skills",
      "pathId": "path_003",
      "confidence": 0.88
    },
    {
      "id": "rec_003",
      "type": "skill",
      "title": "TypeScript",
      "reason": "Add type safety to your React applications",
      "skillId": "typescript",
      "confidence": 0.85
    }
  ],
  "notes": [
    {
      "id": "note_001",
      "courseId": "course_001",
      "lessonId": "lesson_005",
      "content": "Remember: useEffect runs after every render unless dependency array is provided",
      "createdAt": "2024-02-12T10:15:00Z",
      "tags": ["react", "hooks", "important"]
    },
    {
      "id": "note_002",
      "courseId": "course_004",
      "lessonId": "lesson_026",
      "content": "Pandas DataFrame.loc vs .iloc - loc uses labels, iloc uses integer positions",
      "createdAt": "2024-02-14T11:20:00Z",
      "tags": ["python", "pandas", "data-manipulation"]
    }
  ],
  "bookmarks": [
    {
      "id": "bookmark_001",
      "courseId": "course_001",
      "lessonId": "lesson_007",
      "title": "React Hooks Cheat Sheet",
      "url": "/courses/course_001/lessons/lesson_007#hooks-cheat-sheet",
      "bookmarkedAt": "2024-02-10T09:30:00Z"
    },
    {
      "id": "bookmark_002",
      "courseId": "course_004",
      "lessonId": "lesson_026",
      "title": "Pandas DataFrame Methods",
      "url": "/courses/course_004/lessons/lesson_026#dataframe-methods",
      "bookmarkedAt": "2024-02-14T11:25:00Z"
    }
  ]
}

