{
  "assessmentReport": {
    "id": "assessment_001",
    "learnerId": "learner_001",
    "courseId": "course_001",
    "assessmentType": "final_exam",
    "title": "React Development Fundamentals - Final Assessment",
    "completedAt": "2024-02-15T15:30:00Z",
    "duration": "90 minutes",
    "totalQuestions": 25,
    "score": 85,
    "maxScore": 100,
    "percentage": 85,
    "passed": true,
    "passingScore": 70,
    "grade": "B+",
    "timeSpent": "78 minutes",
    "attempts": 1,
    "detailedResults": {
      "sections": [
        {
          "sectionName": "React Fundamentals",
          "score": 18,
          "maxScore": 20,
          "percentage": 90,
          "topics": ["Components", "JSX", "Props"],
          "strengths": ["Component creation", "JSX syntax"],
          "weaknesses": ["Advanced prop patterns"]
        },
        {
          "sectionName": "State Management",
          "score": 16,
          "maxScore": 20,
          "percentage": 80,
          "topics": ["useState", "useEffect", "State lifting"],
          "strengths": ["Basic state management"],
          "weaknesses": ["Complex state patterns"]
        },
        {
          "sectionName": "Hooks and Lifecycle",
          "score": 14,
          "maxScore": 20,
          "percentage": 70,
          "topics": ["useEffect", "Custom hooks", "Lifecycle methods"],
          "strengths": ["Basic useEffect usage"],
          "weaknesses": ["Custom hooks creation"]
        },
        {
          "sectionName": "Component Patterns",
          "score": 12,
          "maxScore": 15,
          "percentage": 80,
          "topics": ["Higher-order components", "Render props"],
          "strengths": ["Component composition"],
          "weaknesses": ["Advanced patterns"]
        }
      ]
    },
    "skillBreakdown": {
      "React": {
        "score": 90,
        "level": "intermediate",
        "description": "Strong understanding of React fundamentals"
      },
      "JavaScript": {
        "score": 85,
        "level": "intermediate",
        "description": "Good JavaScript knowledge with room for improvement"
      },
      "JSX": {
        "score": 88,
        "level": "intermediate",
        "description": "Comfortable with JSX syntax and patterns"
      },
      "State Management": {
        "score": 75,
        "level": "beginner-intermediate",
        "description": "Basic state management skills, needs more practice"
      },
      "Component Design": {
        "score": 82,
        "level": "intermediate",
        "description": "Good component design principles"
      }
    },
    "recommendations": [
      {
        "category": "immediate",
        "priority": "high",
        "title": "Practice Custom Hooks",
        "description": "Focus on creating and using custom hooks to improve code reusability",
        "suggestedResources": [
          "Custom Hooks Tutorial",
          "Advanced React Patterns Course",
          "React Hooks Practice Exercises"
        ],
        "estimatedTime": "8-10 hours"
      },
      {
        "category": "short-term",
        "priority": "medium",
        "title": "Advanced State Management",
        "description": "Learn Redux or Context API for complex state management scenarios",
        "suggestedResources": [
          "Redux Fundamentals Course",
          "Context API Deep Dive",
          "State Management Best Practices"
        ],
        "estimatedTime": "15-20 hours"
      },
      {
        "category": "long-term",
        "priority": "medium",
        "title": "Performance Optimization",
        "description": "Learn React performance optimization techniques",
        "suggestedResources": [
          "React Performance Course",
          "Memoization Techniques",
          "Code Splitting and Lazy Loading"
        ],
        "estimatedTime": "12-15 hours"
      }
    ],
    "nextSteps": [
      {
        "action": "enroll_course",
        "title": "Advanced React Patterns",
        "courseId": "course_006",
        "reason": "Build on your React fundamentals with advanced patterns",
        "confidence": 0.85
      },
      {
        "action": "practice_skill",
        "title": "Custom Hooks Practice",
        "skillId": "custom-hooks",
        "reason": "Address your weakest area with focused practice",
        "confidence": 0.92
      },
      {
        "action": "join_community",
        "title": "React Developers Community",
        "reason": "Connect with other learners and get help with advanced topics",
        "confidence": 0.78
      }
    ],
    "comparativeAnalysis": {
      "classAverage": 78,
      "percentile": 85,
      "performanceLevel": "above_average",
      "peerComparison": "You scored higher than 85% of learners who took this assessment"
    },
    "learningInsights": {
      "learningStyle": "hands-on",
      "preferredContentType": "interactive-coding",
      "optimalStudyTime": "evening",
      "retentionRate": 82,
      "engagementLevel": "high"
    },
    "certificate": {
      "eligible": true,
      "certificateId": "CERT-REACT-001-2024",
      "issuedAt": "2024-02-15T16:00:00Z",
      "validUntil": "2026-02-15T16:00:00Z",
      "verificationUrl": "https://verify.coursebuilder.com/cert/CERT-REACT-001-2024"
    },
    "feedback": {
      "instructor": {
        "name": "Sarah Chen",
        "comment": "Excellent work! You've shown strong understanding of React fundamentals. Focus on custom hooks and advanced patterns for your next steps.",
        "rating": 4.5
      },
      "peer": {
        "averageRating": 4.3,
        "comments": [
          "Great explanation of component lifecycle!",
          "Your code examples were very clear",
          "Helpful insights on state management"
        ]
      }
    }
  },
  "assessmentHistory": [
    {
      "id": "assessment_002",
      "title": "JavaScript Fundamentals Quiz",
      "courseId": "course_002",
      "completedAt": "2024-01-15T14:20:00Z",
      "score": 94,
      "maxScore": 100,
      "passed": true,
      "grade": "A"
    },
    {
      "id": "assessment_003",
      "title": "Python Data Analysis Project",
      "courseId": "course_004",
      "completedAt": "2024-02-10T11:45:00Z",
      "score": 87,
      "maxScore": 100,
      "passed": true,
      "grade": "B+"
    }
  ],
  "learningAnalytics": {
    "totalAssessments": 3,
    "averageScore": 88.7,
    "improvementTrend": "positive",
    "strongestSkills": ["JavaScript", "React", "Component Design"],
    "skillsToImprove": ["Custom Hooks", "Advanced State Management", "Performance Optimization"],
    "learningVelocity": "fast",
    "retentionRate": 85,
    "engagementScore": 92
  }
}