{
  "expandedSkills": [
    {
      "id": "skill_001",
      "name": "React Component Development",
      "category": "Frontend Development",
      "level": "intermediate",
      "description": "Ability to create, manage, and optimize React components",
      "microSkills": [
        {
          "name": "Functional Components",
          "level": "beginner",
          "description": "Creating components using function syntax"
        },
        {
          "name": "Class Components",
          "level": "intermediate",
          "description": "Creating components using class syntax"
        },
        {
          "name": "Props Management",
          "level": "intermediate",
          "description": "Passing and managing component props"
        },
        {
          "name": "Component Lifecycle",
          "level": "advanced",
          "description": "Understanding component mounting, updating, and unmounting"
        },
        {
          "name": "Event Handling",
          "level": "intermediate",
          "description": "Handling user interactions and events"
        }
      ],
      "relatedSkills": ["JavaScript", "JSX", "HTML", "CSS"],
      "learningPath": "Frontend Development",
      "estimatedLearningTime": "20 hours"
    },
    {
      "id": "skill_002",
      "name": "State Management",
      "category": "Frontend Development",
      "level": "intermediate",
      "description": "Managing application state in React applications",
      "microSkills": [
        {
          "name": "useState Hook",
          "level": "beginner",
          "description": "Managing local component state"
        },
        {
          "name": "useEffect Hook",
          "level": "intermediate",
          "description": "Handling side effects and lifecycle events"
        },
        {
          "name": "Context API",
          "level": "intermediate",
          "description": "Sharing state across component tree"
        },
        {
          "name": "Redux Basics",
          "level": "advanced",
          "description": "Global state management with Redux"
        },
        {
          "name": "State Lifting",
          "level": "intermediate",
          "description": "Moving state up the component hierarchy"
        }
      ],
      "relatedSkills": ["React", "JavaScript", "Redux"],
      "learningPath": "Frontend Development",
      "estimatedLearningTime": "25 hours"
    },
    {
      "id": "skill_003",
      "name": "Python Data Analysis",
      "category": "Data Science",
      "level": "intermediate",
      "description": "Analyzing and manipulating data using Python libraries",
      "microSkills": [
        {
          "name": "Pandas Fundamentals",
          "level": "beginner",
          "description": "Data manipulation with pandas DataFrames"
        },
        {
          "name": "NumPy Operations",
          "level": "beginner",
          "description": "Numerical computing with NumPy arrays"
        },
        {
          "name": "Data Visualization",
          "level": "intermediate",
          "description": "Creating charts and plots with matplotlib/seaborn"
        },
        {
          "name": "Data Cleaning",
          "level": "intermediate",
          "description": "Handling missing data and data quality issues"
        },
        {
          "name": "Statistical Analysis",
          "level": "advanced",
          "description": "Performing statistical tests and analysis"
        }
      ],
      "relatedSkills": ["Python", "Statistics", "Machine Learning"],
      "learningPath": "Data Science",
      "estimatedLearningTime": "30 hours"
    },
    {
      "id": "skill_004",
      "name": "JavaScript ES6+",
      "category": "Programming",
      "level": "intermediate",
      "description": "Modern JavaScript features and syntax",
      "microSkills": [
        {
          "name": "Arrow Functions",
          "level": "beginner",
          "description": "Using arrow function syntax"
        },
        {
          "name": "Destructuring",
          "level": "intermediate",
          "description": "Extracting values from objects and arrays"
        },
        {
          "name": "Template Literals",
          "level": "beginner",
          "description": "String interpolation with backticks"
        },
        {
          "name": "Promises & Async/Await",
          "level": "intermediate",
          "description": "Handling asynchronous operations"
        },
        {
          "name": "Modules & Imports",
          "level": "intermediate",
          "description": "Organizing code with ES6 modules"
        }
      ],
      "relatedSkills": ["JavaScript", "React", "Node.js"],
      "learningPath": "Web Development",
      "estimatedLearningTime": "15 hours"
    },
    {
      "id": "skill_005",
      "name": "UI/UX Design Principles",
      "category": "Design",
      "level": "beginner",
      "description": "Understanding user interface and user experience design",
      "microSkills": [
        {
          "name": "Visual Hierarchy",
          "level": "beginner",
          "description": "Organizing content for better user experience"
        },
        {
          "name": "Color Theory",
          "level": "beginner",
          "description": "Using color effectively in design"
        },
        {
          "name": "Typography",
          "level": "beginner",
          "description": "Choosing and using fonts effectively"
        },
        {
          "name": "User Research",
          "level": "intermediate",
          "description": "Understanding user needs and behaviors"
        },
        {
          "name": "Prototyping",
          "level": "intermediate",
          "description": "Creating interactive design prototypes"
        }
      ],
      "relatedSkills": ["Figma", "Design Systems", "Accessibility"],
      "learningPath": "Design",
      "estimatedLearningTime": "20 hours"
    }
  ],
  "skillCategories": [
    {
      "id": "frontend",
      "name": "Frontend Development",
      "description": "Client-side web development skills",
      "skillCount": 15,
      "popularSkills": ["React", "JavaScript", "CSS", "HTML"]
    },
    {
      "id": "backend",
      "name": "Backend Development",
      "description": "Server-side development skills",
      "skillCount": 12,
      "popularSkills": ["Node.js", "Python", "Database", "APIs"]
    },
    {
      "id": "data-science",
      "name": "Data Science",
      "description": "Data analysis and machine learning skills",
      "skillCount": 18,
      "popularSkills": ["Python", "Machine Learning", "Statistics", "Pandas"]
    },
    {
      "id": "design",
      "name": "Design",
      "description": "UI/UX and visual design skills",
      "skillCount": 10,
      "popularSkills": ["UI Design", "UX Research", "Figma", "Prototyping"]
    }
  ],
  "skillRecommendations": [
    {
      "learnerId": "learner_001",
      "currentSkills": ["JavaScript", "React", "HTML", "CSS"],
      "recommendedSkills": [
        {
          "skillId": "skill_004",
          "name": "JavaScript ES6+",
          "reason": "Enhance your JavaScript knowledge with modern features",
          "priority": "high",
          "estimatedTime": "15 hours"
        },
        {
          "skillId": "skill_002",
          "name": "State Management",
          "reason": "Build on your React skills with advanced state management",
          "priority": "high",
          "estimatedTime": "25 hours"
        },
        {
          "skillId": "skill_005",
          "name": "UI/UX Design Principles",
          "reason": "Complement your development skills with design knowledge",
          "priority": "medium",
          "estimatedTime": "20 hours"
        }
      ]
    }
  ]
}